{"cameraMode":{"drawMode":0,"name":"Shaded","section":"Shading Mode"},"sceneLighting":false,"audioPlay":false,"sceneViewState":{"m_AlwaysRefresh":false,"showFog":false,"showSkybox":false,"showFlares":false,"showImageEffects":false,"showParticleSystems":false,"showVisualEffectGraphs":true,"m_FxEnabled":true},"in2DMode":false,"pivot":{"x":0.07052099704742432,"y":0.7704223394393921,"z":0.09923267364501953},"rotation":{"x":0.012561123818159104,"y":0.8242884278297424,"z":-0.018300704658031465,"w":0.565738320350647},"size":1.4253112077713013,"orthographic":false}